{"cameraMode":{"drawMode":0,"name":"Shaded","section":"Shading Mode"},"sceneLighting":true,"audioPlay":false,"sceneViewState":{"m_AlwaysRefresh":false,"showFog":true,"showSkybox":true,"showFlares":true,"showImageEffects":true,"showParticleSystems":true,"showVisualEffectGraphs":true,"m_FxEnabled":true},"in2DMode":false,"pivot":{"x":307.8905029296875,"y":0.6846951246261597,"z":318.2616271972656},"rotation":{"x":0.021691475063562394,"y":-0.9210991859436035,"z":0.38545480370521548,"w":0.05266362428665161},"size":4.010525226593018,"orthographic":false}